                  epoch,         train/box_loss,         train/cls_loss,         train/dfl_loss,   metrics/precision(B),      metrics/recall(B),       metrics/mAP50(B),    metrics/mAP50-95(B),           val/box_loss,           val/cls_loss,           val/dfl_loss,                 lr/pg0,                 lr/pg1,                 lr/pg2
                      1,                 1.7849,                 3.4164,                 1.9275,                0.50041,                0.07528,                0.07184,                0.03787,                 2.0423,                 4.1765,                 2.2566,              0.0003636,              0.0003636,              0.0003636
                      2,                 1.3275,                 2.5969,                 1.5901,                0.18612,                0.35014,                0.17985,                0.09954,                 1.5933,                 2.9538,                 1.9751,             0.00061283,             0.00061283,             0.00061283
                      3,                 1.2343,                 2.2887,                 1.4931,                0.26867,                0.33482,                0.25303,                0.12223,                 1.4716,                 2.7018,                 1.8204,             0.00073986,             0.00073986,             0.00073986
                      4,                 1.1795,                 2.1271,                 1.4702,                0.33665,                0.43516,                0.32377,                0.19321,                 1.3646,                 2.4012,                 1.7306,             0.00056105,             0.00056105,             0.00056105
                      5,                 1.1435,                 1.9859,                 1.4308,                0.35437,                0.40203,                0.33183,                0.19478,                 1.5852,                 2.4297,                 1.8741,             0.00056105,             0.00056105,             0.00056105
                      6,                 1.1166,                 1.8484,                 1.4143,                0.43758,                0.49006,                 0.4185,                0.26636,                 1.2933,                 2.0329,                  1.656,             0.00037774,             0.00037774,             0.00037774
